{"cameraMode":{"drawMode":0,"name":"Shaded","section":"Shading Mode"},"sceneLighting":true,"audioPlay":false,"sceneViewState":{"m_AlwaysRefresh":false,"showFog":true,"showSkybox":true,"showFlares":true,"showImageEffects":true,"showParticleSystems":true,"showVisualEffectGraphs":true,"m_FxEnabled":true},"in2DMode":false,"pivot":{"x":0.021459680050611497,"y":1.4859529733657838,"z":-2.211362838745117},"rotation":{"x":0.017994051799178125,"y":-0.6614465117454529,"z":0.015877770259976388,"w":0.7496079802513123},"size":10.038045883178711,"orthographic":false}